id,userId,firstName,lastName,email,mobileNumber
d290f1ee-6c54-4b01-90e6-d701748f0851,usr1,John,Doe,john.doe@example.com,1234567890
d290f1ee-6c54-4b01-90e6-d701748f0852,usr2,Jane,Smith,jane.smith@example.com,1234567891
d290f1ee-6c54-4b01-90e6-d701748f0853,usr3,Jim,Brown,jim.brown@example.com,1234567892
d290f1ee-6c54-4b01-90e6-d701748f0854,usr4,Jill,Taylor,jill.taylor@example.com,1234567893
d290f1ee-6c54-4b01-90e6-d701748f0855,usr5,Jack,Johnson,jack.johnson@example.com,1234567894
d290f1ee-6c54-4b01-90e6-d701748f0856,usr6,Jessica,Lee,jessica.lee@example.com,1234567895
d290f1ee-6c54-4b01-90e6-d701748f0857,usr7,Joe,White,joe.white@example.com,1234567896
d290f1ee-6c54-4b01-90e6-d701748f0858,usr8,Julia,Green,julia.green@example.com,1234567897
d290f1ee-6c54-4b01-90e6-d701748f0859,usr9,Jeremy,Adams,jeremy.adams@example.com,1234567898
d290f1ee-6c54-4b01-90e6-d701748f0860,usr10,Jenna,Clark,jenna.clark@example.com,1234567899